Date,Actual,GARCH_Volatility,LSTM_Prediction,Hybrid_Prediction,Volatility_Regime,LSTM_Error,Hybrid_Error
2023-09-14,1.073422074317932,0.004420606608803992,1.0796284109313925,1.0773138292259958,Low,-0.006206336613460595,-0.003891754908063927
2023-09-15,1.0637166500091553,0.00476347804710644,1.0639224805500043,1.0637938200112986,Low,-0.00020583054084899466,-7.717000214335634e-05
2023-09-18,1.0668259859085083,0.005747330160345154,1.0679833639436602,1.0677380685830142,Low,-0.0011573780351519236,-0.0009120826745059318
2023-09-19,1.0692671537399292,0.005933604343225432,1.0722392943676406,1.0715634237434373,Low,-0.0029721406277114504,-0.002296270003508072
2023-09-20,1.0682048797607422,0.006068864117981151,1.0677827582824668,1.067872817883867,Low,0.0004221214782753613,0.0003320618768751782
2023-09-21,1.065303087234497,0.006154148524720713,1.0649742658969694,1.0650272249827124,Low,0.00032882133752765164,0.0002758622517846643
2023-09-22,1.0661548376083374,0.006277771140208571,1.0693112523170913,1.0685790473291927,Low,-0.0031564147087539407,-0.0024242097208553304
2023-09-25,1.0648492574691772,0.006335293728129202,1.0664672208489747,1.0660774542220264,Low,-0.0016179633797974713,-0.001228196752849131
2023-09-26,1.0591648817062378,0.0063924663638078045,1.0585043240077432,1.0586119130906715,Low,0.0006605576984946016,0.0005529686155663072
2023-09-27,1.0569483041763306,0.006640052960293678,1.0581487030969916,1.0578491827728917,Low,-0.0012003989206610388,-0.0009008785965611832
2023-09-28,1.0505305528640747,0.006682612395778022,1.0499264549841167,1.0500147412859133,Low,0.0006040978799579655,0.0005158115781613848
2023-09-29,1.0562450885772705,0.0069475838180047085,1.0550247047384662,1.0553579019730719,Low,0.0012203838388042954,0.0008871866041986198
2023-10-02,1.0565240383148191,0.007124266382334208,1.0569958048448638,1.0568876245040724,Low,-0.0004717665300446594,-0.00036358618925325104
2023-10-03,1.0480751991271973,0.007083694431041801,1.0446876440971071,1.0454110087135202,Low,0.003387555030090139,0.002664190413677048
2023-10-04,1.0472300052642822,0.007468814136587473,1.043840132106864,1.0446270698709221,Medium-Low,0.003389873157418233,0.002602935393360095
2023-10-05,1.0507071018218994,0.0073965441020603945,1.0494107279435636,1.0497431756523226,Medium-Low,0.0012963738783358103,0.0009639261695768564
2023-10-06,1.0546631813049316,0.007398292181984478,1.0524358055169367,1.0529902741893131,Medium-Low,0.002227375787994923,0.001672907115618516
2023-10-09,1.056747317314148,0.007419947043873603,1.0572740625625041,1.0571679696712548,Medium-Low,-0.0005267452483561641,-0.00042065235710686544
2023-10-10,1.0578875541687012,0.007373584122041155,1.0560054263260523,1.0564556924420725,Medium-Low,0.0018821278426488508,0.0014318617266286804
2023-10-11,1.0604791641235352,0.007314339069765423,1.0575039181933001,1.0582222351910597,Low,0.0029752459302350154,0.0022569289324754216
2023-10-12,1.0624282360076904,0.007292691845525184,1.0652893610222096,1.0646354122067965,Low,-0.0028611250145191836,-0.0022071761991060423
2023-10-13,1.0536741018295288,0.007256273182865739,1.0536598087212408,1.0535905891527577,Low,1.4293108288043754e-05,8.351267677109142e-05
2023-10-16,1.052155375480652,0.007639701084019525,1.0523663071088578,1.0523043152590965,Medium-Low,-0.00021093162820573497,-0.00014893977844443462
2023-10-17,1.055431246757507,0.007559267747038627,1.0524103780601317,1.0531450525564174,Medium-Low,0.0030208686973753895,0.002286194201089664
2023-10-18,1.057305932044983,0.007534912227945278,1.056118597521117,1.056412223919221,Medium-Low,0.0011873345238659905,0.0008937081257618384
2023-10-19,1.053851842880249,0.007471870902510349,1.054246649692093,1.0541255491996637,Medium-Low,-0.00039480681184400623,-0.0002737063194147016
2023-10-20,1.0586491823196411,0.007463570826794437,1.0560941683694443,1.056732346950501,Medium-Low,0.0025550139501968605,0.001916835369140113
2023-10-23,1.0589966773986816,0.0075191131851849976,1.059735242255683,1.0595651431431194,Medium-Low,-0.0007385648570013004,-0.0005684657444378072
2023-10-24,1.0669853687286377,0.007438294056763233,1.0653682760434722,1.065813238218917,Medium-Low,0.001617092685165522,0.001172130509720759
2023-10-25,1.059535264968872,0.0077206044342984,1.0593205565093542,1.059309086051601,Medium-High,0.0002147084595178761,0.0002261789172710582
2023-10-26,1.056725025177002,0.007919282360125318,1.0556574441401767,1.0558841874478953,Medium-High,0.0010675810368252492,0.0008408377291067026
2023-10-27,1.0564459562301636,0.007841330804359475,1.0601778900933971,1.0593015185644226,Medium-High,-0.003731933863233561,-0.0028555623342589875
2023-10-30,1.0562450885772705,0.007728491736958538,1.0562280448429713,1.0562303715778292,Medium-High,1.7043734299226898e-05,1.47169994413332e-05
2023-10-31,1.061503529548645,0.007626451682713691,1.0591073561198514,1.0597121548678052,Medium-Low,0.002396173428793613,0.0017913746808397857
2023-11-01,1.0579099655151367,0.007688156082059743,1.059742982790048,1.0592838820948565,Medium-High,-0.0018330172749112528,-0.0013739165797197472
2023-11-02,1.05870521068573,0.007661484696597333,1.0562096727132522,1.0568007461391413,Medium-High,0.0024955379724778126,0.0019044645465886578
2023-11-03,1.061909317970276,0.0075693573786470595,1.0621705215817174,1.0621359053094228,Medium-Low,-0.00026120361144132964,-0.00022658733914671103
2023-11-06,1.073214769363403,0.007540571139107438,1.0686535176456935,1.0698155270529686,Medium-Low,0.004561251717709602,0.003399242310434536
2023-11-07,1.0721560716629028,0.008140012317989049,1.0695033633483413,1.0701158795121293,Medium-High,0.002652708314561547,0.0020401921507735565
2023-11-08,1.0696102380752563,0.008003984074448599,1.0701376028620335,1.069992984857233,Medium-High,-0.0005273647867771736,-0.00038274678197658396
2023-11-09,1.07104229927063,0.007909086883660028,1.0724734612040299,1.0721501390479582,Medium-High,-0.0014311619333997605,-0.0011078397773280901
2023-11-10,1.0667576789855957,0.007800180644110838,1.0673192460166459,1.0671522038596424,Medium-High,-0.0005615670310501475,-0.0003945248740466756
2023-11-13,1.069015622138977,0.007789514266031174,1.0686678283222695,1.0687680024554802,Medium-High,0.0003477938167075756,0.00024761968349684693
2023-11-14,1.0701825618743896,0.007708880003146448,1.0695119666313815,1.0696787004124189,Medium-High,0.0006705952430081652,0.0005038614619707893
2023-11-15,1.0878314971923828,0.007615967279477009,1.083893123124698,1.0849618321727919,Medium-Low,0.0039383740676848245,0.002869665019590961
2023-11-16,1.0854581594467163,0.0090575963217127,1.0840922408718878,1.0854368458509702,High,0.0013659185748284841,2.1313595746086378e-05
2023-11-17,1.0853756666183472,0.008858262947621662,1.0844298556448742,1.0853611671001528,High,0.0009458109734730158,1.4499518194321936e-05
2023-11-20,1.090702772140503,0.008650884389182443,1.0926271285353888,1.09073312835594,High,-0.0019243563948858622,-3.0356215437121747e-05
2023-11-21,1.0945948362350464,0.00859551832404435,1.0951148663605745,1.0946034461702265,High,-0.0005200301255281481,-8.609935180148298e-06
2023-11-22,1.0918222665786743,0.008482994193883243,1.088303534714348,1.0917679147593617,High,0.0035187318643263854,5.435181931257027e-05
2023-11-23,1.0890873670578003,0.008346048063727726,1.0898947279720181,1.0890992790100396,High,-0.0008073609142178473,-1.1911952239263002e-05
2023-11-24,1.0906314849853516,0.00822142779269667,1.0897563116562432,1.0906183370133886,High,0.0008751733291083585,1.3147971962945704e-05
2023-11-27,1.0940439701080322,0.008083777931169664,1.0924662392298286,1.0928640481148197,Medium-High,0.0015777308782036759,0.001179921993212485
2023-11-28,1.095842361450195,0.008005398093549972,1.0970260133818193,1.0967636973576436,Medium-High,-0.0011836519316241745,-0.0009213359074484728
2023-11-29,1.100594401359558,0.007892602323978414,1.1025127527383904,1.1021028465620706,Medium-High,-0.0019183513788323392,-0.0015084452025124762
2023-11-30,1.0973695516586304,0.007887942891066823,1.0994725151925648,1.0989532466897276,Medium-High,-0.0021029635339344654,-0.001583695031097232
2023-12-01,1.089205980300903,0.007822627358027977,1.0878774054531615,1.0881208999575618,Medium-High,0.001328574847741626,0.0010850803433413159
2023-12-04,1.088814616203308,0.008047302697487099,1.088194501994946,1.0883364950676744,Medium-High,0.0006201142083621658,0.0004781211356337245
2023-12-05,1.0837758779525757,0.007915039556367798,1.0847099439658978,1.084449407385173,Medium-High,-0.0009340660133221323,-0.0006735294325972419
2023-12-06,1.0793657302856443,0.007924679830292092,1.0815868806282607,1.0810301060344616,Medium-High,-0.0022211503426163848,-0.0016643757488172817
2023-12-07,1.076669692993164,0.007903922787660497,1.075824261336641,1.0759999215996914,Medium-High,0.0008454316565229547,0.0006697713934726846
2023-12-08,1.079214334487915,0.007822676279940053,1.0787064073381876,1.078846462961962,Medium-High,0.0005079271497274718,0.00036787152595296746
2023-12-11,1.0765769481658936,0.007745469524009647,1.0744458134950619,1.0749230851234557,Medium-High,0.0021311346708317025,0.0016538630424378642
2023-12-12,1.076658010482788,0.0076786646641762175,1.074206937023326,1.0747816761922482,Medium-High,0.00245107345946205,0.001876334290539905
2023-12-13,1.0798670053482056,0.007581333759830168,1.0813736532754687,1.0810473813499415,Medium-Low,-0.0015066479272631828,-0.0011803760017359277
2023-12-14,1.0886130332946775,0.007549543964874612,1.0909809309829723,1.0904988443876384,Medium-Low,-0.0023678976882948177,-0.0018858110929609317
2023-12-15,1.0993602275848389,0.007868142850918455,1.098672454249398,1.0989226265885248,Medium-High,0.0006877733354408999,0.00043760099631406923
2023-12-18,1.0895264148712158,0.008322637549044082,1.0920955191477435,1.089564132388817,High,-0.0025691042765276784,-3.771751760117681e-05
2023-12-19,1.092382788658142,0.00862072220627876,1.0929905554108852,1.092392570642483,High,-0.0006077667527430997,-9.781984340984096e-06
2023-12-20,1.0981045961380005,0.008473089008172126,1.096472528725584,1.0980805483525555,High,0.0016320674124163936,2.4047785444958336e-05
2023-12-21,1.094570875167847,0.0084551043949203,1.0954991501143403,1.0945845065777613,High,-0.0009282749464933904,-1.3631409914394155e-05
2023-12-22,1.100618600845337,0.008343379694607968,1.1035325187037446,1.100664232447057,High,-0.0029139178584076664,-4.5631601720108605e-05
2023-12-25,1.102657437324524,0.00835696536779537,1.102480438188463,1.1026550644606457,High,0.0001769991360609513,2.3728638782749556e-06
2023-12-26,1.1020255088806152,0.008214742198895265,1.1053332320227396,1.102076064504813,High,-0.0033077231421243525,-5.0555624197867743e-05
2023-12-27,1.1043012142181396,0.008067849164874625,1.0986907523224256,1.100023645955404,Medium-High,0.005610461895714014,0.00427756826273562
2023-12-28,1.110864281654358,0.007958300301913072,1.112270870339261,1.1119958368378604,Medium-High,-0.001406588684903065,-0.0011315551835024973
2023-12-29,1.1068191528320312,0.008043845346794098,1.107204465461563,1.1070806891988823,Medium-High,-0.00038531262953167555,-0.0002615363668510007
2024-01-01,1.1055831909179688,0.007990642575966638,1.1050168917624634,1.1051392795119652,Medium-High,0.0005662991555053232,0.00044391140600352763
2024-01-02,1.1038745641708374,0.007870541468698145,1.1041524510438854,1.1040732033966363,Medium-High,-0.0002778868730479722,-0.00019863922579888005
2024-01-03,1.0941756963729858,0.007769084758419074,1.0905286155205551,1.0913024017371424,Medium-High,0.0036470808524307063,0.002873294635843404
2024-01-04,1.0927767753601074,0.008131293538361256,1.0923906219700175,1.0924694668398267,Medium-High,0.0003861533900899605,0.00030730852028071354
2024-01-05,1.0947387218475342,0.008000027990189094,1.0953834199473385,1.0952486883698458,Medium-High,-0.0006446980998042751,-0.0005099665223116112
2024-01-08,1.0942236185073853,0.007890885294344115,1.097321952156267,1.0965920198660777,Medium-High,-0.0030983336488816793,-0.002368401358692429
2024-01-09,1.095170259475708,0.007774178115546937,1.0940444985813838,1.0943160107883445,Medium-High,0.001125760894324257,0.0008542486873635013
2024-01-10,1.093242645263672,0.007672074227502165,1.091659654572573,1.092014428748204,Medium-High,0.0015829906910991287,0.0012282165154680058
2024-01-11,1.0975141525268557,0.007594792245689079,1.0962542747964146,1.0965847599698049,Medium-Low,0.0012598777304411168,0.0009293925570508232
2024-01-12,1.0981649160385132,0.007601355825818401,1.100042376593413,1.0996080500557173,Medium-Low,-0.0018774605548999013,-0.001443134017204084
2024-01-15,1.094570875167847,0.007513862103164686,1.0954342758520241,1.095202265616144,Medium-Low,-0.000863400684177229,-0.0006313904482970756
2024-01-16,1.094570875167847,0.007501241054871915,1.0934691409971007,1.0937271787370912,Medium-Low,0.0011017341707462158,0.0008436964307556583
2024-01-17,1.087878942489624,0.007421527433981051,1.0892744475049996,1.0888921329410395,Medium-Low,-0.0013955050153755533,-0.0010131904514154577
2024-01-18,1.0885775089263916,0.007589012300656835,1.088743365834553,1.0887103111488936,Medium-Low,-0.00016585690816128817,-0.00013280222250200424
2024-01-19,1.0879143476486206,0.007503133539223508,1.0899497310001685,1.0894675255361876,Medium-Low,-0.002035383351547848,-0.0015531778875670366
2024-01-22,1.089229702949524,0.007425605685996398,1.087711010726971,1.0880776080348789,Medium-Low,0.0015186922225529642,0.0011520949146450743
2024-01-23,1.088020920753479,0.007362945586917232,1.0874040036494503,1.087538471960874,Medium-Low,0.0006169171040286692,0.00048244879260495033
2024-01-24,1.0857881307601929,0.0073052494732210975,1.0850908521404312,1.0852356534790626,Low,0.0006972786197616543,0.0005524772811302814
2024-01-25,1.088174819946289,0.007273048668377029,1.0850296212681567,1.0857860443031302,Low,0.0031451986781323438,0.002388775643158869
2024-01-26,1.0847046375274658,0.007248209924848045,1.085488432420223,1.0852760934200263,Low,-0.0007837948927571503,-0.0005714558925604685
2024-01-29,1.0843517780303955,0.007261317818772907,1.0849072649274987,1.0847742390294515,Low,-0.0005554868971031635,-0.00042246099905596246
2024-01-30,1.0834470987319946,0.007206722689496807,1.0835028590004656,1.0834823000434028,Low,-5.5760268470983476e-05,-3.520131140821725e-05
2024-01-31,1.08433997631073,0.0071617022741574995,1.0838120252391643,1.0839430784226969,Low,0.0005279510715656688,0.00039689788803309867
2024-02-01,1.0803920030593872,0.007121274341290767,1.077684006782911,1.0782855213957125,Low,0.002707996276476221,0.002106481663674664
2024-02-02,1.0874648094177246,0.007169247018386911,1.086242038826876,1.086587054412703,Low,0.001222770590848521,0.0008777550050216298
2024-02-05,1.0780043601989746,0.007401974265913489,1.0777754319479855,1.0777506272092985,Medium-Low,0.00022892825098907998,0.00025373298967612534
2024-02-06,1.0741831064224243,0.007811226370547268,1.072736763001649,1.0730438356728407,Medium-High,0.001446343420775209,0.001139270749583643
2024-02-07,1.075719952583313,0.00777827242255066,1.0753134635848676,1.0754214072329422,Medium-High,0.0004064889984454201,0.00029854535037077135
2024-02-08,1.077574610710144,0.007683783930762144,1.0783091281988066,1.0781524706109342,Medium-High,-0.0007345174886626005,-0.0005778599007901786
2024-02-09,1.077725529670715,0.007604471238006091,1.0815802860516217,1.0806787125695823,Medium-Low,-0.0038547563809065988,-0.002953182898867146
2024-02-12,1.0798202753067017,0.007514570372574712,1.0800737120825397,1.0800317188607076,Medium-Low,-0.00025343677583800073,-0.00021144355400593007
2024-02-13,1.0772264003753662,0.007457573606714073,1.0778832302745285,1.0777078919401624,Medium-Low,-0.0006568298991622701,-0.00048149156479615485
2024-02-14,1.070893168449402,0.0074193802772081026,1.0710583551627355,1.0709671675362793,Medium-Low,-0.0001651867133334317,-7.39990868772189e-05
2024-02-15,1.073214769363403,0.00756935255869285,1.0691861074638553,1.0701489073373787,Medium-Low,0.0040286618995477586,0.003065862026024435
2024-02-16,1.0773887634277344,0.00751253325434319,1.0771257887966983,1.0772219804373953,Medium-Low,0.00026297463103608365,0.00016678299033912047
2024-02-19,1.0784927606582642,0.00752737541008355,1.078560980702987,1.078554154406397,Medium-Low,-6.822004472284426e-05,-6.139374813285414e-05
2024-02-20,1.0775396823883057,0.00745172979879491,1.082630394436516,1.0814301955711447,Medium-Low,-0.005090712048210433,-0.0038905131828390616
2024-02-21,1.0813149213790894,0.007382033750587956,1.0807309541446837,1.0808990201622706,Medium-Low,0.0005839672344056801,0.00041590121681878145
2024-02-22,1.082040309906006,0.007393381540310197,1.0826239846011851,1.0824932949327348,Medium-Low,-0.0005836746951790595,-0.0004529850267287472
2024-02-23,1.0825674533843994,0.007327481448618675,1.0824696983294282,1.082496963334295,Medium-Low,9.775505497122694e-05,7.049005010451026e-05
2024-02-26,1.0820051431655884,0.007266938998718441,1.0796306789464516,1.0801821422051725,Low,0.002374464219136785,0.001823000960415877
2024-02-27,1.0850930213928225,0.007212844270461174,1.0872947586968265,1.0868046855293514,Low,-0.00220173730400397,-0.001711664136528901
2024-02-28,1.084481120109558,0.007216223339003709,1.0860610838110387,1.0856859673413704,Low,-0.0015799637014806134,-0.001204847231812245
2024-02-29,1.0838816165924072,0.007167703936304188,1.0855406232407854,1.0851470968518784,Low,-0.0016590066483781474,-0.0012654802594711523
2024-03-01,1.0804970264434814,0.007124160938582996,1.0787993341134252,1.0791688950565987,Low,0.001697692330056233,0.0013281313868827027
2024-03-04,1.084269404411316,0.007148427097988006,1.0869706987217818,1.0863692981874848,Low,-0.0027012943104658405,-0.0020998937761689263
2024-03-05,1.0855170488357544,0.00718560883115572,1.0825633734802125,1.0832654976554235,Low,0.002953675355541918,0.002251551180330935
2024-03-06,1.0855995416641235,0.0071469565619795335,1.0868058914276035,1.086524035436708,Low,-0.001206349763479997,-0.0009244937725845226
2024-03-07,1.089953899383545,0.007103579942552484,1.0942724232340524,1.0932970748238446,Low,-0.004318523850507461,-0.003343175440299717
2024-03-08,1.0950144529342651,0.0071716407401474684,1.0927005872315976,1.0932844682611296,Low,0.0023138657026675613,0.001729984673135565
2024-03-11,1.0942955017089844,0.0072672739377187415,1.0931540248597968,1.0934154110261602,Low,0.0011414768491875282,0.0008800906828241306
2024-03-12,1.093135118484497,0.007214207534960253,1.0934001092186076,1.0933284266330998,Low,-0.0002649907341105706,-0.00019330814860274437
2024-03-13,1.0927767753601074,0.0071712480053044035,1.0917493381629497,1.091987004293753,Low,0.001027437197157699,0.0007897710663544721
2024-03-14,1.0955302715301514,0.007126013072637537,1.0921648791352423,1.0929759144933542,Low,0.0033653923949090725,0.0025543570367971835
2024-03-15,1.0883406400680542,0.007127123905449433,1.0888418993977411,1.0886649009255103,Low,-0.0005012593296869206,-0.00032426085745607125
2024-03-18,1.0882576704025269,0.007370679278998031,1.08606530457276,1.0865780919527674,Medium-Low,0.0021923658297668958,0.0016795784497594113
2024-03-19,1.087393879890442,0.007304211440059183,1.0884155342862527,1.0881690917037783,Low,-0.0010216543958108115,-0.0007752118133363961
2024-03-20,1.0863306522369385,0.007248637013082618,1.084486096036304,1.0849092969172198,Low,0.0018445562006343952,0.0014213553197186535
2024-03-21,1.0937210321426392,0.007200968723473859,1.0965723852760514,1.0959658307177076,Low,-0.0028513531334122266,-0.0022447985750684296
2024-03-22,1.0862362384796145,0.007450976647547299,1.084993961753682,1.0852228710393912,Medium-Low,0.0012422767259325784,0.0010133674402232895
2024-03-25,1.0807539224624634,0.007673975211729379,1.0803667066941853,1.080411951188719,Medium-High,0.0003872157682780486,0.000341971273744468
2024-03-26,1.0838228464126587,0.00773590391514458,1.085344646452806,1.0850136646287796,Medium-High,-0.0015218000401473475,-0.0011908182161208813
2024-03-27,1.0832358598709106,0.0076827859860298334,1.0807319081022242,1.0813134941543467,Medium-High,0.002503951768686452,0.0019223657165639008
2024-03-28,1.0813382863998413,0.00758685104787268,1.0819004912316228,1.0817530870567216,Medium-Low,-0.0005622048317814876,-0.00041480065688026535
2024-03-29,1.0794472694396973,0.007518025714672179,1.082222704473773,1.0815569928383593,Medium-Low,-0.002775435034075624,-0.002109723398662
2024-04-01,1.0792726278305054,0.007456170033577142,1.0759850258669241,1.0767535691661079,Medium-Low,0.0032876019635812437,0.0025190586643975
2024-04-02,1.0737217664718628,0.007381162967857886,1.0743759757859892,1.0741767393590498,Medium-Low,-0.0006542093141264083,-0.00045497288718698847
2024-04-03,1.076855182647705,0.007484284842433481,1.077230238493261,1.0771683708372068,Medium-Low,-0.0003750558455559716,-0.0003131881895017674
2024-04-04,1.0838346481323242,0.007460537471879876,1.085095671620649,1.0848581827412165,Medium-Low,-0.0012610234883247973,-0.0010235346088922626
2024-04-05,1.0837054252624512,0.007648665746108691,1.0811649550332392,1.0817588887131333,Medium-High,0.0025404702292119996,0.0019465365493178677
2024-04-08,1.0830481052398682,0.007554350313121132,1.0803637469785776,1.0809870031027453,Medium-Low,0.0026843582612905426,0.00206110213712285
2024-04-09,1.0863661766052246,0.007471658285040734,1.087277610396753,1.0870916480740025,Medium-Low,-0.0009114337915283599,-0.0007254714687778829
2024-04-10,1.0859296321868896,0.007454782993549155,1.086564217876048,1.0864119725043302,Medium-Low,-0.0006345856891583068,-0.00048234031744054384
2024-04-11,1.074171543121338,0.007380787146251233,1.0752706849286495,1.074915785977578,Medium-Low,-0.0010991418073116321,-0.0007442428562400849
2024-04-12,1.0726851224899292,0.008046310625725745,1.0734655402175768,1.0732704365261307,Medium-High,-0.0007804177276475865,-0.0005853140362015452
2024-04-15,1.0649627447128296,0.007924868166353677,1.0639728817131515,1.0641407035999237,Medium-High,0.0009898629996780706,0.0008220411129058469
2024-04-16,1.0625749826431274,0.008115072978017869,1.0631632659862487,1.0630056905439929,Medium-High,-0.0005882833431212209,-0.00043070790086541244
2024-04-17,1.0621461868286133,0.008005564763829806,1.0627590696582982,1.0626119715565676,Medium-High,-0.0006128828296849687,-0.00046578472795433257
2024-04-18,1.0669398307800293,0.007877483518470662,1.065252025618432,1.065687064139035,Medium-High,0.0016878051615973888,0.001252766640994274
2024-04-19,1.0644185543060305,0.007883847555344192,1.0683179516445767,1.0673837716866192,Medium-High,-0.0038993973385461622,-0.002965217380588747
2024-04-22,1.065825343132019,0.007800625104034467,1.0667145476482038,1.066517948129418,Medium-High,-0.0008892045161847939,-0.0006926049973989823
2024-04-23,1.065405249595642,0.00770207779298219,1.0630147343728764,1.0635711358470517,Medium-High,0.0023905152227656767,0.001834113748590438
2024-04-24,1.0704345703125,0.007603377304609965,1.0715184198685526,1.0713062613153141,Medium-Low,-0.001083849556052563,-0.0008716910028141456
2024-04-25,1.0699878931045532,0.007652392298411217,1.0680287215500799,1.068483877432035,Medium-High,0.001959171554473338,0.001504015672518122
2024-04-26,1.072961449623108,0.007558713848117821,1.0744173435282542,1.0741010070689792,Medium-Low,-0.0014558939051463327,-0.001139557445871242
2024-04-29,1.0706866979599,0.007522038537309568,1.073157372005101,1.0725598576425694,Medium-Low,-0.002470674045201182,-0.0018731596826695451
2024-04-30,1.0715701580047607,0.007468938968671035,1.069855089507577,1.070264100021763,Medium-Low,0.001715068497183836,0.0013060579829977659
2024-05-01,1.0666552782058716,0.007396845337792389,1.0688534436388124,1.0682978683890805,Medium-Low,-0.002198165432940824,-0.0016425901832088918
2024-05-02,1.0721560716629028,0.007463416063976681,1.0727219065865063,1.0726349807738456,Medium-Low,-0.0005658349236035143,-0.0004789091109427268
2024-05-03,1.073306918144226,0.007555717505917211,1.0749257892481803,1.0745561725065071,Medium-Low,-0.0016188711039542003,-0.0012492543622810715
2024-05-06,1.0758124589920044,0.007477862728577131,1.0795643096430643,1.0787063563423436,Medium-Low,-0.0037518506510598737,-0.0028938973503391807
2024-05-07,1.0767507553100586,0.007435314270265129,1.0762018189995803,1.0763381636444078,Medium-Low,0.0005489363104782541,0.00041259166565077443
2024-05-08,1.0750491619110107,0.007367148153824457,1.0735946650605535,1.073921218219721,Medium-Low,0.0014544968504572875,0.0011279436912896568
2024-05-09,1.0746910572052002,0.007317257731775549,1.072892651355221,1.073310888436339,Low,0.0017984058499791455,0.0013801687688612674
2024-05-10,1.078515887260437,0.007256938519328993,1.0766529034863563,1.077120939724691,Low,0.0018629837740806732,0.0013949475357459828
2024-05-13,1.077040672302246,0.007284865086492819,1.0769566538639637,1.0769641031110397,Low,8.401843828242939e-05,7.656919120635486e-05
2024-05-14,1.079354166984558,0.007239449051139162,1.0799381174810696,1.079820527781227,Low,-0.0005839504965114983,-0.000466360796668841
2024-05-15,1.0814552307128906,0.007216782494573068,1.0819187120797025,1.0818275765773286,Low,-0.0004634813668118465,-0.0003723458644380173
2024-05-16,1.0889805555343628,0.007191120365341269,1.0903157835940107,1.0900654401094818,Low,-0.0013352280596479194,-0.0010848845751190161
2024-05-17,1.0867793560028076,0.007456007906399699,1.086916263335981,1.0868659514118315,Medium-Low,-0.0001369073331733972,-8.659540902389296e-05
2024-05-20,1.0875475406646729,0.007407149676372795,1.0905126275122607,1.0898245408076543,Medium-Low,-0.0029650868475878944,-0.002277000142981489
2024-05-21,1.086082935333252,0.007340167052117566,1.0856100309862546,1.0857086493549095,Medium-Low,0.000472904346997316,0.0003742859783424368
2024-05-22,1.0855170488357544,0.0072886207326059065,1.0911556441721246,1.0898303348894827,Low,-0.0056385953363702335,-0.004313286053728271
2024-05-23,1.0825204849243164,0.007232299550026659,1.0839571787892257,1.0835958500252838,Low,-0.0014366938649092997,-0.001075365100967396
2024-05-24,1.0812681913375854,0.007230381344417719,1.0795698533355584,1.079957241118143,Low,0.0016983380020270111,0.001310950219442386
2024-05-27,1.0847634077072144,0.0071871462073924575,1.0823814833973116,1.082968328647695,Low,0.0023819243099028053,0.0017950790595193666
2024-05-28,1.0861891508102417,0.007208500777928684,1.0871135706307948,1.0869088804380194,Low,-0.0009244198205531351,-0.0007197296277776655
2024-05-29,1.0851871967315674,0.007170111941254166,1.084776546423696,1.0848644193764663,Low,0.00041065030787135193,0.0003227773551011115
2024-05-30,1.0801819562911987,0.007129955186084738,1.0818975941691695,1.0814542829098892,Low,-0.0017156378779707993,-0.001272326618690478
2024-05-31,1.0835410356521606,0.007230119178492683,1.0843473492172084,1.084186347092729,Low,-0.0008063135650477893,-0.0006453114405684524
2024-06-03,1.0853049755096436,0.007241564662846916,1.0850665995123612,1.0851370518131749,Low,0.00023837599728238068,0.00016792369646867478
2024-06-04,1.0907385349273682,0.007205774697345718,1.0887119589315617,1.0892316457099631,Low,0.0020265759958064677,0.0015068892174050497
2024-06-05,1.0881866216659546,0.0073198997913737325,1.0851821880098604,1.0858647039799103,Low,0.003004433656094152,0.0023219176860442836
2024-06-06,1.087453007698059,0.007294399390518325,1.0865671167439996,1.0867685204569273,Low,0.0008858909540594428,0.0006844872411317926
2024-06-07,1.0894432067871094,0.007238684941300716,1.0911163927453318,1.0907410126844077,Low,-0.0016731859582224118,-0.001297805897298332
2024-06-10,1.077888250350952,0.007207796711238346,1.0789044595221755,1.0785706681300367,Low,-0.001016209171223581,-0.0006824177790847319
2024-06-11,1.0764262676239014,0.00787647893229002,1.0739515694666477,1.0745190507571882,Medium-High,0.002474698157253652,0.001907216866713135
2024-06-12,1.07403302192688,0.0077710773992148135,1.074506088074682,1.0743754522559978,Medium-High,-0.0004730661478018483,-0.00034243032911773774
2024-06-13,1.0813149213790894,0.007695286281845006,1.081742460327597,1.0817026893193267,Medium-High,-0.00042753894850755536,-0.00038776794023731576
2024-06-14,1.0738831758499146,0.007876613068828656,1.0724513598282595,1.0727251009532868,Medium-High,0.0014318160216550968,0.001158074896627781
2024-06-17,1.0702168941497805,0.00804580760438261,1.0707127947251192,1.0705662580446966,Medium-High,-0.0004959005753386592,-0.0003493638949161326
2024-06-18,1.0740677118301392,0.007982809626209121,1.0739939591456777,1.074043154052547,Medium-High,7.375268446141447e-05,2.4557777592137953e-05
2024-06-19,1.0742292404174805,0.007933536835130896,1.0718883209698826,1.0724379279327412,Medium-High,0.0023409194475978445,0.0017913124847392936
2024-06-20,1.0751532316207886,0.007811507170196702,1.0758379169103751,1.0756852158091048,Medium-High,-0.0006846852895865396,-0.0005319841883162368
2024-06-21,1.0706409215927124,0.007705693247706991,1.072007294932155,1.0716498712379479,Medium-High,-0.0013663733394426725,-0.0010089496452354574
2024-06-24,1.0687757730484009,0.007715344262976948,1.0710683544420003,1.0705159466474081,Medium-High,-0.0022925813935994466,-0.0017401735990072442
2024-06-25,1.0732723474502563,0.007633310757681721,1.0751964502742208,1.0747830793743076,Medium-Low,-0.0019241028239644908,-0.0015107319240512673
2024-06-26,1.0709619522094729,0.007650655798718965,1.0682741521674797,1.0688845112693979,Medium-High,0.0026878000419932047,0.002077440940075004
2024-06-27,1.068010926246643,0.007585191595145469,1.0662554235046642,1.0666421182737515,Medium-Low,0.0017555027419788871,0.001368807972891517
2024-06-28,1.0708472728729248,0.007545168589514168,1.0717533513531259,1.0715646500561122,Medium-Low,-0.000906078480201078,-0.0007173771831874287
2024-07-01,1.0735257863998413,0.007505702237757001,1.0744398294107846,1.0742479543835102,Medium-Low,-0.0009140430109433328,-0.0007221679836688644
2024-07-02,1.0737102031707764,0.00746535596047669,1.0747517050484514,1.074509303063492,Medium-Low,-0.001041501877675044,-0.000799099892715649
2024-07-03,1.0748412609100342,0.007389443366738503,1.082652750092461,1.0808325929730997,Medium-Low,-0.007811489182426801,-0.005991332063065569
2024-07-04,1.0793308019638062,0.007328216378727602,1.0802770663653234,1.0800926572142298,Medium-Low,-0.0009462644015172383,-0.0007618552504236042
2024-07-05,1.0810693502426147,0.007378753247971975,1.0833149107253712,1.0828033884730368,Medium-Low,-0.0022455604827564812,-0.0017340382304220636
2024-07-08,1.082602620124817,0.007328234895068942,1.0844882857673535,1.0840593530250988,Medium-Low,-0.0018856656425365603,-0.0014567329002819207
2024-07-09,1.0830950736999512,0.007279184019653178,1.0844109364663412,1.0841068297362175,Low,-0.0013158627663900635,-0.0010117560362663536
2024-07-10,1.0814785957336426,0.007223409915071567,1.0809116014460116,1.081030997724973,Low,0.0005669942876309619,0.00044759800866955857
2024-07-11,1.083329677581787,0.00718679570166269,1.0847993298631495,1.0844704663230982,Low,-0.0014696522813624213,-0.0011407887413110718
2024-07-12,1.0872756242752075,0.007158656981966384,1.0854818063071117,1.0859346471788087,Low,0.0017938179680958566,0.0013409770963987988
2024-07-15,1.0885539054870603,0.007201741660304666,1.0880001907698758,1.088140472863683,Low,0.0005537147171845724,0.0004134326233773411
2024-07-16,1.0901559591293335,0.0071617790666092225,1.0890705247156007,1.0893380250624307,Low,0.0010854344137327665,0.0008179340669027813
2024-07-17,1.0902509689331057,0.007131235954360403,1.0904158188265305,1.0903779968274965,Low,-0.00016484989342480105,-0.00012702789439078543
2024-07-18,1.094020128250122,0.007089516899314531,1.098643008102009,1.097591525325774,Low,-0.0046228798518870295,-0.0035713970756519053
2024-07-19,1.0901559591293335,0.00713190209710983,1.0864815080591135,1.087310071249953,Low,0.0036744510702200195,0.0028458878793804487
2024-07-22,1.0899182558059692,0.0071734487353803675,1.0913512792406095,1.0910136796323158,Low,-0.001433023434640246,-0.001095423826346531
2024-07-23,1.0889805555343628,0.007127584728006149,1.0856906297198214,1.0864533919346597,Low,0.00328992581454135,0.002527163599703064
2024-07-24,1.0850694179534912,0.007091161478948509,1.0842920250461756,1.0844416773761,Low,0.0007773929073155994,0.0006277405773911227
2024-07-25,1.0839520692825315,0.007140246281768371,1.0862506401966447,1.0857030284606723,Low,-0.0022985709141132293,-0.0017509591781408318
2024-07-26,1.0851283073425293,0.007104633293038966,1.0852020243693314,1.0851945094601307,Low,-7.371702680214476e-05,-6.620211760144379e-05
2024-07-29,1.0853756666183472,0.007073557684208512,1.0831407585366561,1.083666248012944,Low,0.0022349080816910227,0.0017094186054031901
2024-07-30,1.081946611404419,0.0070382014504744485,1.0806476153588336,1.0809234288433949,Low,0.0012989960455853655,0.001023182561024072
2024-07-31,1.081607222557068,0.007073791100590828,1.08302080188343,1.0826869133704948,Low,-0.00141357932636188,-0.001079690813426737
2024-08-01,1.082391619682312,0.007038723887097027,1.0808503686552637,1.0812178481088213,Low,0.0015412510270482738,0.001173771573490745
2024-08-02,1.078760266304016,0.007010261188060937,1.0793854971318388,1.0792089594823182,Low,-0.0006252308278229535,-0.00044869317830231736
2024-08-05,1.0910836458206177,0.007057678612656278,1.0905619499543227,1.0907862909479478,Low,0.0005216958662950244,0.00029735487266990823
2024-08-06,1.0950982570648191,0.007847863299549809,1.0935417503331737,1.0939395796082676,Medium-High,0.001556506731645424,0.0011586774565515157
2024-08-07,1.0926215648651123,0.007816368403145507,1.097196186612235,1.0961042315703327,Medium-High,-0.0045746217471227535,-0.0034826667052203497
2024-08-08,1.0928125381469729,0.007737061130721491,1.094119223328822,1.0938147669726463,Medium-High,-0.0013066851818490655,-0.001002228825673468
2024-08-09,1.0915720462799072,0.007634145924918278,1.0874339517023404,1.088392853986609,Medium-Low,0.004138094577566864,0.0031791922932982164
2024-08-12,1.091381311416626,0.007549298892329616,1.0917774843934773,1.0916831154204272,Medium-Low,-0.00039617297685135,-0.0003018040038011982
2024-08-13,1.0936251878738403,0.007464965123768008,1.0921378759919367,1.0925048206454357,Medium-Low,0.0014873118819036524,0.001120367228404584
2024-08-14,1.0996986627578735,0.007415971237769569,1.1011760866305667,1.1008804043179745,Medium-Low,-0.0014774238726931177,-0.0011817415601009795
2024-08-15,1.101321578025818,0.00754060785704236,1.09958207390091,1.1000029371909386,Medium-Low,0.0017395041249081977,0.0013186408348795364
2024-08-16,1.0972732305526731,0.007470788519247474,1.0972364431973285,1.0972115005133425,Medium-Low,3.678735534462518e-05,6.173003933063193e-05
2024-08-19,1.1024993658065796,0.00748075419299559,1.1032958805380353,1.1031526503142202,Medium-Low,-0.0007965147314556997,-0.0006532845076405724
2024-08-20,1.1086474657058716,0.007546569989397242,1.1101637135845899,1.1098595568832132,Medium-Low,-0.001516247878718291,-0.0012120911773416676
2024-08-21,1.112792730331421,0.007656631704476828,1.1100476729797155,1.110724956368853,Medium-High,0.0027450573517053822,0.0020677739625678537
2024-08-22,1.115536093711853,0.007648434541941288,1.114689943959085,1.114910862176571,Medium-Low,0.0008461497527680883,0.0006252315352819338
2024-08-23,1.111716389656067,0.0075920794328185786,1.1109041663343011,1.111062734249726,Medium-Low,0.0008122233217657815,0.0006536554063409916
2024-08-26,1.118793487548828,0.007577397589121679,1.1170508457219952,1.11751765619818,Medium-Low,0.0017426418268327026,0.0012758313506477936
2024-08-27,1.1164700984954834,0.007741226832088775,1.1203313140002689,1.1194077170122583,Medium-High,-0.0038612155047854646,-0.002937618516774876
2024-08-28,1.117793083190918,0.007664543147688918,1.1185870368912751,1.1184120514240614,Medium-High,-0.000793953700357175,-0.0006189682331434465
2024-08-29,1.1124955415725708,0.007577366576151421,1.1100952358759757,1.1106134989046577,Medium-Low,0.0024003056965951064,0.001882042667913142
2024-08-30,1.10804545879364,0.007631815452976091,1.1102003251808301,1.1096587439460577,Medium-Low,-0.002154866387190202,-0.001613285152417765
2024-09-02,1.1044842004776,0.007639625111855165,1.1091156505754396,1.1080013952533256,Medium-Low,-0.004631450097839496,-0.0035171947757255406
2024-09-03,1.1067456007003784,0.007611066942247777,1.1088036158207222,1.1083403528338571,Medium-Low,-0.002058015120343759,-0.0015947521334787051
2024-09-04,1.1048868894577026,0.007546765007392674,1.1017902343041615,1.102500095799558,Medium-Low,0.0030966551535411835,0.002386793658144537
2024-09-05,1.10804545879364,0.007480451775490483,1.1068680789325211,1.1071700165668574,Medium-Low,0.0011773798611187658,0.0008754422267824857
2024-09-06,1.1111111640930176,0.007454933115745396,1.1136324691594215,1.1130673660562191,Medium-Low,-0.0025213050664039116,-0.001956201963201565
2024-09-09,1.1087212562561035,0.007428854790481556,1.1073499961079727,1.1076513485908606,Medium-Low,0.0013712601481308262,0.0010699076652429529
2024-09-10,1.1037527322769165,0.007386316787764965,1.1049319055981384,1.1046145443451827,Medium-Low,-0.0011791733212218602,-0.0008618120682661878
2024-09-11,1.1020983457565308,0.007448001045390722,1.1038031386093672,1.1033901441845206,Medium-Low,-0.0017047928528364231,-0.0012917984279898764
2024-09-12,1.1010911464691162,0.0073881303478823485,1.0992023000557576,1.0996363386163723,Medium-Low,0.0018888464133586247,0.001454807852743878
2024-09-13,1.1077877283096311,0.007325270973742726,1.1073276104455652,1.1074908860316166,Low,0.00046011786406596755,0.0002968422780145197
2024-09-16,1.1088441610336304,0.007499975942284348,1.1019626247050995,1.1035831102217308,Medium-Low,0.006881536328530835,0.005261050811899537
2024-09-17,1.1129536628723145,0.007426203109432804,1.1105820054228943,1.1111715381697107,Medium-Low,0.0023716574494201392,0.001782124702603749
2024-09-18,1.1123099327087402,0.007441921117644601,1.1118083444963058,1.1119204855512832,Medium-Low,0.0005015882124344007,0.0003894471574570346
2024-09-19,1.1114816665649414,0.007370342537809191,1.1088879924239876,1.1094885923192295,Medium-Low,0.0025936741409537944,0.0019930742457119344
2024-09-20,1.1161960363388062,0.007307479035299213,1.1194222908016467,1.1187057476900544,Low,-0.0032262544628405276,-0.0025097113512482228
2024-09-23,1.1160838603973389,0.0073639124524395895,1.1130567695453586,1.1137648162074916,Medium-Low,0.003027090851980274,0.002319044189847297
2024-09-24,1.111172795295715,0.007298162335168922,1.1104893141723549,1.1106086825010626,Low,0.0006834811233602522,0.000564112794652516
2024-09-25,1.1191190481185913,0.00736558028419919,1.118999732591213,1.1190935477973412,Medium-Low,0.00011931552737820539,2.5500321250149227e-05
2024-09-26,1.1131023168563845,0.007622851868910734,1.116451294230332,1.115617052941497,Medium-Low,-0.0033489773739474593,-0.0025147360851125455
2024-09-27,1.117717981338501,0.0077121195988865765,1.1144379091187115,1.1152443979889217,Medium-High,0.0032800722197894316,0.002473583349579256
2024-09-30,1.1169815063476562,0.007717584100390594,1.1194868716572195,1.1188939837393976,Medium-High,-0.0025053653095632455,-0.001912477391741385
2024-10-01,1.113660216331482,0.007619098071657331,1.1138479335228932,1.1137764364345077,Medium-Low,-0.00018771719141130738,-0.00011622010302581032
2024-10-02,1.1063904762268066,0.00758337140125688,1.1046906927667184,1.1050285376262396,Medium-Low,0.0016997834600882555,0.001361938600566992
2024-10-03,1.1048502922058103,0.007762501080278049,1.1058973562081413,1.1056393554821582,Medium-High,-0.0010470640023310107,-0.0007890632763478678
2024-10-04,1.103557825088501,0.007668935540761559,1.104039828825315,1.103916224604273,Medium-High,-0.00048200373681406283,-0.00035839951577210094
2024-10-07,1.0974539518356323,0.007581117683019163,1.0965075957690624,1.0966786444247947,Medium-Low,0.0009463560665698978,0.0007753074108376445
2024-10-08,1.0975743532180786,0.007685945685752989,1.0977138978077,1.0976822130600117,Medium-High,-0.00013954458962128768,-0.00010785984193306675
2024-10-09,1.0975743532180786,0.007587937182205892,1.0967708236065414,1.09695901869977,Medium-Low,0.0008035296115371793,0.0006153345183086412
2024-10-10,1.0943313837051392,0.0074995562339502065,1.0947295608084424,1.0946094210290747,Medium-Low,-0.0003981771033032544,-0.0002780373239354983
2024-10-11,1.0933860540390017,0.007475853789316352,1.0948088529687066,1.0944677821971485,Medium-Low,-0.0014227989297048715,-0.0010817281581467775
2024-10-14,1.0925379991531372,0.007403486982714026,1.0958726908114063,1.0950846409943629,Medium-Low,-0.003334691658269051,-0.002546641841225661
2024-10-15,1.0909169912338257,0.007337542967523408,1.088432369106394,1.0890008564600666,Medium-Low,0.0024846221274317237,0.0019161347737590706
2024-10-16,1.0884116888046265,0.007288801726179009,1.0929480289955003,1.0918648027332905,Low,-0.004536340190873789,-0.0034531139286639867
2024-10-17,1.0862481594085691,0.007265320403365118,1.0823274774978249,1.0832278079516635,Low,0.003920681910744239,0.003020351456905601
2024-10-18,1.0829542875289917,0.007235652288123423,1.0828066661160123,1.0828139361405769,Low,0.0001476214129794151,0.00014035138841483885
2024-10-21,1.0868619680404663,0.007243744845624264,1.087881481248949,1.0876750931385704,Low,-0.001019513208482703,-0.0008131250981040505
2024-10-22,1.0817828178405762,0.0072754661759289576,1.082614322482061,1.0823774718604247,Low,-0.0008315046414848482,-0.000594654019848484
2024-10-23,1.079727053642273,0.00736167699941909,1.0785523853682915,1.0788104638397644,Medium-Low,0.001174668273981494,0.0009165898025085273
2024-10-24,1.0780508518218994,0.007319606916069718,1.0777083658112847,1.077774684809207,Low,0.0003424860106147065,0.00027616701269250754
2024-10-25,1.0824151039123535,0.007274099556868705,1.0811829911577873,1.0815077422873698,Low,0.0012321127545662502,0.0009073616249837269
2024-10-28,1.0796570777893066,0.0073241232702810155,1.0785859866161138,1.0788139848585518,Low,0.0010710911731928174,0.0008430929307547963
2024-10-29,1.0816774368286133,0.007304822677100298,1.0833225101720447,1.0829539643915407,Low,-0.0016450733434314468,-0.0012765275629273987
2024-10-30,1.0820636749267578,0.007267931727421104,1.0827783586504738,1.0826141739099433,Low,-0.0007146837237159698,-0.0005504989831854878
2024-10-31,1.085917830467224,0.007212796158267392,1.0842954812098493,1.0847074014042146,Low,0.001622349257374589,0.0012104290630092773
2024-11-01,1.0886130332946775,0.007245875406958323,1.0903389738366835,1.0899570822068627,Low,-0.0017259405420060325,-0.0013440489121852028
2024-11-04,1.087453007698059,0.007232646419833082,1.0881459391755486,1.087974031327849,Low,-0.0006929314774895001,-0.0005210236297898962
2024-11-05,1.0874056816101074,0.007187832278599738,1.089087478598648,1.0886931917324452,Low,-0.0016817969885405404,-0.0012875101223377428
2024-11-06,1.093445897102356,0.007140165977624757,1.0944519699681512,1.094266407320111,Low,-0.0010060728657952378,-0.0008205102177549772
2024-11-07,1.073306918144226,0.007299928275346098,1.0726233115395059,1.07261647786609,Low,0.0006836066047202216,0.0006904402781360286
2024-11-08,1.0795172452926636,0.009233455782912113,1.0780577512578224,1.0794959215961573,High,0.0014594940348411356,2.1323696506314604e-05
2024-11-11,1.0714898109436035,0.009167373126145167,1.073412545880035,1.0715179282829879,High,-0.0019227349364314694,-2.8117339384348128e-05
2024-11-12,1.066439151763916,0.009224354096909537,1.0679284379443488,1.0664611240113944,High,-0.0014892861804327584,-2.1972247478352358e-05
2024-11-13,1.061672568321228,0.009102182516096746,1.061868735260365,1.0616747825234094,High,-0.00019616693913704353,-2.214202181383129e-06
2024-11-14,1.0564124584197998,0.008980124809358192,1.0569109615228094,1.0564192213175254,High,-0.0004985031030095843,-6.762897725609562e-06
2024-11-15,1.0530084371566772,0.008894693735247526,1.055734882858569,1.0530496304741652,High,-0.002726445701891844,-4.119331748797528e-05
2024-11-18,1.0533745288848877,0.008740848002602648,1.0521722464557453,1.05335617567447,High,0.0012022824291424428,1.8353210417654253e-05
2024-11-19,1.059490442276001,0.008544567618204348,1.060285971054499,1.059503640381355,High,-0.0007955287784979781,-1.3198105353939837e-05
2024-11-20,1.0607603788375854,0.008553509113367413,1.0602893738957777,1.0607533755671696,High,0.00047100494180774,7.003270415806284e-06
2024-11-21,1.0546187162399292,0.008381584901133183,1.0544896150947276,1.0546157207309588,High,0.00012910114520159333,2.9955089704269966e-06
2024-11-22,1.0469341278076172,0.008409907289495406,1.0495040165010945,1.0469722136579456,High,-0.0025698886934772958,-3.8085850328384296e-05
2024-11-25,1.0479873418807983,0.008545619223503607,1.049578230359629,1.048011882205623,High,-0.0015908884788307098,-2.454032482468449e-05
2024-11-26,1.0444300174713137,0.008372013947014272,1.0462222260701362,1.0444568767939646,High,-0.0017922085988224534,-2.685932265089619e-05
2024-11-27,1.0491198301315308,0.00827520298325804,1.0514875865368838,1.0491568717117328,High,-0.0023677564053530276,-3.704158020201298e-05
2024-11-28,1.0562450885772705,0.008237305551640747,1.0559309775436587,1.056241459011656,High,0.00031411103361178583,3.6295656145046706e-06
2024-11-29,1.0563008785247805,0.00835115539615064,1.0576667493205187,1.0563218071637221,High,-0.0013658707957382443,-2.0928638941652977e-05
2024-12-02,1.0545074939727783,0.008189655906315027,1.0539755238224573,1.0544990491056687,High,0.0005319701503210261,8.444867109602683e-06
2024-12-03,1.0501223802566528,0.00806021199508806,1.0509884231916402,1.0507492365352726,Medium-High,-0.0008660429349873766,-0.0006268562786198029
2024-12-04,1.0510826110839844,0.0080293404479876,1.0507746964499591,1.0508547731066284,Medium-High,0.00030791463402524144,0.00022783797735592692
2024-12-05,1.051414132118225,0.007903033183264198,1.0515913236303813,1.0515525716479495,Medium-High,-0.0001771915121562273,-0.00013843952972436568
2024-12-06,1.058559536933899,0.007784408051196519,1.0593992840690893,1.0592618380957666,Medium-High,-0.0008397471351904162,-0.0007023011618676467
2024-12-09,1.056546330451965,0.007955459175339177,1.0550044634613585,1.0553488965185847,Medium-High,0.001541866990606655,0.001197433933380454
2024-12-10,1.0555204153060913,0.007853137717832493,1.0597679702871892,1.058764643902907,Medium-High,-0.004247554981097856,-0.0032442285968157236
2024-12-11,1.0532968044281006,0.007744516482817283,1.0513946786750479,1.0518217439849322,Medium-High,0.001902125753052708,0.0014750604431683634
2024-12-12,1.0506850481033323,0.007668279052865322,1.048391749259607,1.0489072139034719,Medium-High,0.0022932988437252,0.0017778341998604397
2024-12-13,1.0474056005477903,0.007610504589386428,1.04987429537399,1.0492689161652224,Medium-Low,-0.0024686948261996022,-0.0018633156174321375
2024-12-16,1.051005244255066,0.007581359290340504,1.0524061411914707,1.0521078755344653,Medium-Low,-0.0014008969364047719,-0.0011026312793993576
2024-12-17,1.0517348051071167,0.007567875879493182,1.0529455032794008,1.0526679926987448,Medium-Low,-0.0012106981722841414,-0.0009331875916280818
2024-12-18,1.0495051145553589,0.0074845499186721835,1.0508695575517402,1.050531507678277,Medium-Low,-0.0013644429963812765,-0.00102639312291819
2024-12-19,1.0350252389907837,0.007435343549610695,1.0357251489029262,1.0354411920865862,Medium-Low,-0.0006999099121425267,-0.000415953095802557
2024-12-20,1.0364949703216553,0.008517001696289637,1.0346544844331376,1.0364670254932413,High,0.0018404858885177067,2.7944828413950518e-05
2024-12-23,1.0433076620101929,0.008351723061423838,1.043117293630886,1.0433058758407423,High,0.00019036837930697104,1.786169450568309e-06
2024-12-24,1.0405826568603516,0.008435401926284973,1.0393800859253537,1.0405637867599142,High,0.0012025709349978708,1.8870100437329285e-05
2024-12-25,1.0402579307556152,0.008305337384121108,1.042201481529488,1.0402876439339293,High,-0.0019435507738727598,-2.9713178314016986e-05
2024-12-26,1.0399551391601562,0.008148633879317364,1.0396797058886045,1.039950870482496,High,0.00027543327155177266,4.268677660235198e-06
2024-12-27,1.0423181056976318,0.008006513564290548,1.0405651390893609,1.0409952900702273,Medium-High,0.001752966608270956,0.00132281562740455
2024-12-30,1.0429377555847168,0.007908359217604122,1.042269920776459,1.0424314712898253,Medium-High,0.0006678348082578278,0.0005062842948915236
2024-12-31,1.040615200996399,0.007790767904455328,1.0415477639475634,1.0413100951328087,Medium-High,-0.0009325629511645062,-0.0006948941364097738
2025-01-02,1.0351860523223877,0.007713084759646874,1.034348746146701,1.0344998472817353,Medium-High,0.0008373061756867806,0.0006862050406524212
2025-01-03,1.0268205404281616,0.00778119646218954,1.0256346977201125,1.0258430888741903,Medium-High,0.0011858427080491118,0.0009774515539713313
2025-01-06,1.030534744262695,0.00807101954903993,1.0308261775335008,1.0307887095887036,Medium-High,-0.0002914332708057188,-0.0002539653260085206
2025-01-07,1.0386372804641724,0.00801338326453428,1.0387155733392184,1.0387644020843647,Medium-High,-7.829287504601545e-05,-0.00012712162019234974
2025-01-08,1.034554123878479,0.008244854567368454,1.0337618074177244,1.0345413119819882,High,0.0007923164607546163,1.2811896490827479e-05
2025-01-09,1.0314701795578003,0.008183769889637649,1.030701239039052,1.0314578913411916,High,0.0007689405187483178,1.2288216608702385e-05
2025-01-10,1.0297601222991943,0.008090342000218432,1.0302996411286829,1.0301591046650278,Medium-High,-0.00053951882948855,-0.0003989823658334668
2025-01-13,1.0244431495666504,0.007969647568956361,1.0218903860443582,1.022444195226928,Medium-High,0.0025527635222921674,0.001998954339722303
2025-01-14,1.026525378227234,0.008004649934962046,1.0236761519558721,1.024360731320167,Medium-High,0.002849226271361971,0.0021646469070670804
2025-01-15,1.030683517456055,0.007900500396373024,1.0290686821222066,1.0294813623413732,Medium-High,0.001614835333848319,0.0012021551146816911
2025-01-16,1.0295268297195437,0.00788063556518385,1.0291671399244817,1.029241794728141,Medium-High,0.0003596897950619571,0.000285034991402755
2025-01-17,1.0301949977874756,0.00777127488891112,1.0307701506799003,1.0306409825798692,Medium-High,-0.0005751528924247129,-0.00044598479239366107
2025-01-20,1.0277386903762815,0.007667431361499634,1.030742439012709,1.0300185679680054,Medium-High,-0.0030037486364273835,-0.002279877591723878
2025-01-21,1.0420682430267334,0.007606840272960761,1.0430498711218745,1.0429387479386676,Medium-Low,-0.0009816280951411294,-0.000870504911934189
2025-01-22,1.040593504905701,0.00864366136173018,1.0403510229203707,1.0405895466066053,High,0.0002424819853301674,3.958299095607742e-06
2025-01-23,1.0410159826278689,0.008466699493895204,1.0409572460066847,1.0410151530725036,High,5.873662118416334e-05,8.295553652892806e-07
2025-01-24,1.041601538658142,0.008295498966866106,1.0395882122119906,1.0415708000531771,High,0.0020133264461514866,3.073860496494163e-05
2025-01-27,1.0467586517333984,0.008140986419097952,1.0464639763876213,1.0467549935429017,High,0.00029467534577709564,3.6581904967469825e-06
2025-01-28,1.0445064306259155,0.008142644972772756,1.0440461806525347,1.044499008139666,High,0.00046024997338078855,7.422486249630822e-06
2025-01-29,1.04290509223938,0.00802808315767532,1.0436246323355864,1.0434428342185342,Medium-High,-0.0007195400962063392,-0.0005377419791541271
2025-01-30,1.0425245761871338,0.007911020036759848,1.040905025670958,1.0412811871719452,Medium-High,0.001619550516175794,0.0012433890151886118
2025-01-31,1.0397279262542725,0.007791830544637507,1.0408937189920082,1.0405974953053057,Medium-High,-0.0011657927377357602,-0.0008695690510331922
2025-02-03,1.024779200553894,0.00772785304751008,1.0285110028589697,1.0275130584086858,Medium-High,-0.0037318023050756377,-0.0027338578547917436
2025-02-04,1.0327378511428833,0.008835974432234784,1.03212650924162,1.0327298074195195,High,0.0006113419012632182,8.043723363826416e-06
2025-02-05,1.0372798442840576,0.00895387640362761,1.037844450824836,1.037289244693624,High,-0.0005646065407782785,-9.400409566318046e-06
2025-02-06,1.0400848388671875,0.008842085865010209,1.0413084249126174,1.040104044092038,High,-0.0012235860454299363,-1.9205224850438185e-05
2025-02-07,1.0385725498199463,0.008676130070670668,1.0378564407921078,1.0385613313232305,High,0.0007161090278384741,1.1218496715814652e-05
2025-02-10,1.0311616659164429,0.008496828368307185,1.0319712537076575,1.0311728367460715,High,-0.0008095877912146499,-1.1170829628648349e-05
2025-02-11,1.0301525592803955,0.00860967014289865,1.0302276615905943,1.0301535422323094,High,-7.510231019880464e-05,-9.829519138637721e-07
2025-02-12,1.0364949703216553,0.008429921857634994,1.0363702072608387,1.0364941109818702,High,0.0001247630608165462,8.593397851086593e-07
2025-02-13,1.039198637008667,0.008474998119535917,1.0375371633181403,1.039173638466884,High,0.0016614736905267158,2.4998541783061157e-05
2025-02-14,1.0461673736572266,0.008340832519517276,1.0458676561396,1.0461639385900063,High,0.00029971751762647436,3.435067220225463e-06
2025-02-17,1.0489217042922974,0.008435662605925825,1.0497764740716806,1.0489352524053133,High,-0.0008547697793832576,-1.3548113015904306e-05
2025-02-18,1.048536777496338,0.00830599338456114,1.0514470209763194,1.0485812863559836,High,-0.002910243479981478,-4.450885964568663e-05
2025-02-19,1.044833779335022,0.008149446395820477,1.046923258512074,1.0448651674400913,High,-0.002089479177052045,-3.138810506930767e-05
2025-02-20,1.0421009063720703,0.00808065850185296,1.0465008334622765,1.0454476701442197,Medium-High,-0.0043999270902062015,-0.003346763772149375
2025-02-21,1.050056219100952,0.007985361827708403,1.048127513111325,1.0486451817117795,Medium-High,0.001928705989626911,0.001411037389172476
2025-02-24,1.0474823713302612,0.008200369502467426,1.0493471706481095,1.0475105054871567,High,-0.0018647993178482203,-2.8134156895509577e-05
2025-02-25,1.0461344718933103,0.008088335405384945,1.0465662876106208,1.0464539784472866,Medium-High,-0.00043181571731043533,-0.0003195065539762787
2025-02-26,1.0524100065231323,0.00796130325880563,1.0564749137781821,1.05557489058972,Medium-High,-0.004064907255049821,-0.0031648840665876588
2025-02-27,1.0488777160644531,0.00805037325506535,1.047443499074447,1.0477501269617253,Medium-High,0.0014342169900061208,0.0011275891027278107
2025-02-28,1.039511799812317,0.007984571396330188,1.0383215841742601,1.0385227066889782,Medium-High,0.0011902156380567686,0.0009890931233387246
2025-03-03,1.0413846969604492,0.008329679643075743,1.040105075279014,1.0413654090508029,High,0.0012796216814352501,1.9287909646337198e-05
2025-03-04,1.0485037565231323,0.00818896824272727,1.0439166695187336,1.0484346819294135,High,0.004587087004398693,6.907459371885416e-05
2025-03-05,1.062699317932129,0.008312169076949249,1.0609279728060939,1.0626745418577481,High,0.001771345126035051,2.477607438078344e-05
2025-03-06,1.0794938802719116,0.009147281326207062,1.0770971419362452,1.0794599566937901,High,0.0023967383356664484,3.3923578121486386e-05
2025-03-07,1.0787951946258545,0.010140315153271443,1.0791383926870464,1.0788003351403819,High,-0.0003431980611918739,-5.140514527379736e-06
2025-03-10,1.086059331893921,0.009826238080218224,1.0864013428372916,1.0860657743790219,High,-0.0003420109433707186,-6.442485100954798e-06
2025-03-11,1.0839403867721558,0.00975768766575797,1.0879102829839535,1.0840008375679715,High,-0.003969896211797774,-6.0450795815736313e-05
2025-03-12,1.0914170742034912,0.009492177133809466,1.0930141265609041,1.0914427738772499,High,-0.0015970523574129203,-2.569967375865012e-05
2025-03-13,1.0886249542236328,0.009469910979676468,1.0875712999627254,1.0886083537726927,High,0.0010536542609074218,1.6600450940096323e-05
2025-03-14,1.085564136505127,0.009243258994079712,1.0838641325718932,1.0855375921514225,High,0.0017000039332337735,2.6544353704416324e-05
2025-03-17,1.0881274938583374,0.009043936935737174,1.089016340463694,1.088141532223486,High,-0.0008888466053567079,-1.403836514857204e-05
2025-03-18,1.091917634010315,0.008850087056381642,1.0889891137551875,1.0918734097759588,High,0.0029285202551274647,4.422423435612721e-05
2025-03-19,1.093948245048523,0.008709591482641329,1.0976534045919042,1.094005329145991,High,-0.0037051595433812423,-5.708409746807419e-05
2025-03-20,1.0911908149719238,0.008534673543523101,1.0937739755061806,1.0912299209619623,High,-0.0025831605342567787,-3.9105990038423855e-05
2025-03-21,1.0856702327728271,0.008392454440355919,1.0849784588078613,1.085658722453999,High,0.0006917739649658916,1.1510318828067412e-05
2025-03-24,1.083576202392578,0.00837434103873552,1.0801539114778724,1.083523440137216,High,0.0034222909147054725,5.276225536188228e-05
2025-03-25,1.0803569555282593,0.008232219515665454,1.0832969822004967,1.080401450640575,High,-0.0029400266722374724,-4.4495112315745544e-05
2025-03-26,1.0787487030029297,0.008133622662744741,1.0785943521811303,1.0786171712013548,Medium-High,0.0001543508217993761,0.0001315318015748801
2025-03-27,1.0742061138153076,0.00800559264060573,1.076959615989883,1.076277061122835,Medium-High,-0.002753502174575484,-0.0020709473075273266
2025-03-28,1.080100178718567,0.007983192450768967,1.0765334064348904,1.0774176407446074,Medium-High,0.0035667722836765225,0.0026825379739594535
2025-03-31,1.082391619682312,0.008035258400030942,1.0810444064805298,1.0813789328331465,Medium-High,0.0013472132017822158,0.001012686849165556
2025-04-01,1.0818880796432495,0.007930312493303249,1.0819240355280173,1.081911440199419,Medium-High,-3.595588476779099e-05,-2.3360556169471636e-05
2025-04-02,1.0795987844467163,0.007809772186698025,1.0798096175711929,1.0797412611818575,Medium-High,-0.00021083312447656155,-0.00014247673514122816
2025-04-03,1.090869426727295,0.007727200632955381,1.0893730655538276,1.089816956784413,Medium-High,0.0014963611734672977,0.001052469942881995
2025-04-04,1.1043744087219238,0.008269717030257919,1.105006092721134,1.1043863224449266,High,-0.0006316839992102086,-1.1913723002798804e-05
2025-04-07,1.098454475402832,0.00895809361920257,1.0965222804352817,1.0984239008488577,High,0.0019321949675503713,3.057455397437181e-05
2025-04-08,1.0915361642837524,0.00889745403784406,1.091586796361496,1.0915357927708365,High,-5.063207774358425e-05,3.715129159864716e-07
2025-04-09,1.0980443954467771,0.008902183323160704,1.0979699547826018,1.0980443343254556,High,7.444066417527928e-05,6.112132155955408e-08
2025-04-10,1.0952062606811523,0.008881936338562744,1.096418659019851,1.095224358985997,High,-0.0012123983386986836,-1.809830484456043e-05
2025-04-11,1.1257838010787964,0.008709038003541296,1.1257770606133966,1.1257887672775766,High,6.740465399834861e-06,-4.966198780209652e-06
2025-04-14,1.1343141794204712,0.012022489793874656,1.1314638353074522,1.1342719383970443,High,0.0028503441130189877,4.224102342686997e-05
2025-04-15,1.1339668035507202,0.01179212567152659,1.1306788667135128,1.1339163886110561,High,0.003287936837207406,5.0414939664067404e-05
2025-04-16,1.1292672157287598,0.011347562516984409,1.132243588359664,1.1293120220831785,High,-0.0029763726309042227,-4.4806354418724936e-05
2025-04-17,1.1396790742874146,0.011010961906104972,1.1398780708780185,1.1396838482538527,High,-0.00019899659060396147,-4.773966438165189e-06
2025-04-22,1.1512778997421265,0.010995759499479103,1.149060698054586,1.1512458645110268,High,0.00221720168754036,3.203523109962525e-05
2025-04-23,1.1351252794265747,0.011061083811952506,1.1392783388996834,1.1351862088767157,High,-0.004153059473108733,-6.092945014102291e-05
2025-04-24,1.132733702659607,0.011526294161851764,1.1331022357558875,1.1327389505366703,High,-0.0003685330962805988,-5.247877063352391e-06
2025-04-25,1.1371906995773315,0.011120429310594655,1.1395159127319798,1.1372270509756628,High,-0.002325213154648287,-3.63513983312469e-05
2025-04-28,1.1343141794204712,0.01079471833904671,1.1346035210529033,1.1343181340192368,High,-0.0002893416324321052,-3.954598765565365e-06
2025-04-29,1.1409143209457395,0.010455499743747012,1.1450514738262545,1.1409787789422676,High,-0.0041371528805149715,-6.445799652810003e-05
2025-04-30,1.1389262676239014,0.010270846498886517,1.1428241574987674,1.1389856372863023,High,-0.003897889874866056,-5.936966240094321e-05
2025-05-01,1.1324899196624756,0.0099586802142326,1.132276033222378,1.132485576744047,High,0.00021388644009756597,4.342918428656972e-06
2025-05-02,1.1296498775482178,0.009814134360771217,1.131877196164903,1.1296835198421542,High,-0.0022273186166852366,-3.3642293936431145e-05
2025-05-05,1.1323232650756836,0.009556217522415039,1.133578066683938,1.132342926572458,High,-0.0012548016082543079,-1.9661496774459053e-05
2025-05-06,1.1313369274139404,0.009317014197400567,1.1343281727970422,1.1313825771740904,High,-0.0029912453831018038,-4.564976014997946e-05
2025-05-07,1.1342755556106567,0.009073596678828342,1.1320490949215154,1.1342419428010926,High,0.0022264606891413408,3.3612809564154134e-05
2025-05-08,1.1306205987930298,0.008883306570936743,1.132277108067673,1.1306453635869742,High,-0.0016565092746432253,-2.476479394442066e-05
2025-05-09,1.122422695159912,0.00873053685614218,1.1250897897053584,1.122462184692348,High,-0.0026670945454463357,-3.948953243582132e-05
2025-05-12,1.12296462059021,0.008824331118770947,1.1191850201005273,1.1229068228703474,High,0.003779600489682622,5.779771986258453e-05
2025-05-13,1.1095577478408811,0.008621217115870196,1.1077335935425363,1.1095275867593033,High,0.0018241542983448156,3.0161081577828597e-05
2025-05-14,1.1185556650161743,0.009211618131148068,1.1137718792184477,1.1184838893199618,High,0.004783785797726647,7.177569621252822e-05
2025-05-15,1.1181930303573608,0.009312207583536099,1.1176387892855493,1.118184481596778,High,0.0005542410718115676,8.54876058276055e-06
2025-05-16,1.1192693710327148,0.009065776590241468,1.120741487830682,1.1192920961096273,High,-0.0014721167979672156,-2.2725076912477604e-05
2025-05-19,1.1187559366226196,0.008845084997911744,1.121975072997947,1.1188051551156106,High,-0.003219136375327336,-4.92184929909989e-05
2025-05-20,1.123342990875244,0.008640001167596362,1.123271782481878,1.1233426607477928,High,7.120839336582918e-05,3.3012745115357234e-07
2025-05-21,1.128795504570007,0.00854568289762081,1.1320157893076448,1.1288457297424697,High,-0.003220284737637691,-5.022517246255909e-05
2025-05-22,1.133118748664856,0.008498405172472903,1.1299313306691239,1.133070647590232,High,0.003187417995732078,4.8101074624051776e-05
2025-05-23,1.1281843185424805,0.008406341181232992,1.124779754271133,1.128131356876278,High,0.003404564271347388,5.296166620238907e-05
2025-05-26,1.1372811794281006,0.008348812950186666,1.13670630701404,1.1372738829670108,High,0.0005748724140606232,7.2964610897674476e-06
2025-05-27,1.1388484239578247,0.008553508301797979,1.1396011071606589,1.1388602117279454,High,-0.0007526832028341701,-1.1787770120674779e-05
2025-05-28,1.1337097883224487,0.008384198878653668,1.1338962940279296,1.1337117928728722,High,-0.00018650570548084389,-2.0045504234289524e-06
2025-05-29,1.123368263244629,0.008336981764197386,1.1194725917000865,1.1233068834433944,High,0.0038956715445424006,6.137980123455122e-05
2025-05-30,1.1378376483917236,0.008650847665041046,1.1369215112756197,1.1378260159002724,High,0.0009161371161039433,1.1632491451196714e-05
2025-06-02,1.1353315114974976,0.009336235030431508,1.1326429082157587,1.1352899179245395,High,0.0026886032817388106,4.159357295807631e-05
2025-06-03,1.1453442573547363,0.009112572861664538,1.1463009307172844,1.1453605695704179,High,-0.0009566733625481216,-1.6312215681546505e-05
2025-06-04,1.1384464502334597,0.009285959045738578,1.1395843102861918,1.1384627338746656,High,-0.001137860052732087,-1.6283641205872e-05
2025-06-05,1.1422044038772583,0.009230946734025459,1.1399767900160576,1.1421709092414882,High,0.002227613861200739,3.34946357700705e-05
2025-06-06,1.1453834772109983,0.009048147573412095,1.144106231658766,1.1453644422439089,High,0.0012772455522322979,1.9034967089437416e-05
2025-06-09,1.1407841444015503,0.008865510426582224,1.1387182764585402,1.140751741482089,High,0.0020658679430101134,3.240291946138285e-05
2025-06-10,1.1428048610687256,0.008745832254530954,1.1425677282789695,1.1428015642063931,High,0.00023713278975612262,3.296862332469175e-06
2025-06-11,1.143746018409729,0.008565820277213502,1.1457745969722457,1.1437772437259035,High,-0.002028578562516703,-3.1225316174499085e-05
2025-06-12,1.1509333848953247,0.008388479949764015,1.1484184570423768,1.1508960583794943,High,0.0025149278529479346,3.732651583043811e-05
2025-06-13,1.1600254774093628,0.008447148779519369,1.1606818157032808,1.1600370371217286,High,-0.0006563382939179796,-1.1559712365771802e-05
2025-06-16,1.1556684970855713,0.008624814933701114,1.1547220222544647,1.1556532787348412,High,0.0009464748311065474,1.5218350730039631e-05
2025-06-17,1.1551345586776731,0.008517630866813642,1.1534210934606206,1.1551082270837707,High,0.0017134652170525122,2.6331593902417794e-05
2025-06-18,1.1482638120651243,0.008342051288986914,1.1483738411264084,1.1482643581495984,High,-0.0001100290612841004,-5.460844740845516e-07
2025-06-19,1.1477497816085815,0.00838546500072723,1.145517904747418,1.1477155134316057,High,0.002231876861163551,3.426817697582685e-05
2025-06-20,1.1512778997421265,0.008221940591858249,1.149890425837487,1.151257234408751,High,0.0013874739046395579,2.0665333375413653e-05
2025-06-23,1.1500862836837769,0.008127680418735841,1.1475283049124847,1.1481175325968564,Medium-High,0.0025579787712921576,0.001968751086920406
2025-06-24,1.1599044799804688,0.007993407122988233,1.163743467784474,1.162925724110206,Medium-High,-0.003838987804005267,-0.003021244129737255
2025-06-25,1.161224365234375,0.008290417199004533,1.1612361738736126,1.161224764916089,High,-1.180863923755382e-05,-3.9968171394733076e-07
2025-06-26,1.1683744192123413,0.008142080737362634,1.166463587883826,1.16834633872568,High,0.0019108313285152168,2.8080486661252735e-05
2025-06-27,1.1692214012145996,0.008220758096988945,1.1696544129075017,1.169228173551228,High,-0.0004330116929021077,-6.77233662838006e-06
2025-06-30,1.1727453470230105,0.008074457031019704,1.1723188585571211,1.1724479583012282,Medium-High,0.00042648846588932976,0.00029738872178231013
2025-07-01,1.178717017173767,0.007992844562296715,1.1779235584744585,1.1781588968565986,Medium-High,0.0007934586993085802,0.000558120317168509
2025-07-02,1.180553913116455,0.008019283850918942,1.1818396764313006,1.1815537640291904,Medium-High,-0.0012857633148455339,-0.000999850912735356
2025-07-03,1.18002450466156,0.00790349845254251,1.1817493426389238,1.181340978910981,Medium-High,-0.00172483797736378,-0.0013164742494209403
2025-07-04,1.1771491765975952,0.007785449191688134,1.1761064329215152,1.1763268195103829,Medium-High,0.001042743676080038,0.0008223570872123442
2025-07-07,1.178078293800354,0.007714349672738624,1.176742955896308,1.177063407982226,Medium-High,0.0013353379040459412,0.0010148858181280307
2025-07-08,1.1736538410186768,0.007617354975844316,1.1732617142441633,1.1733168780775038,Medium-Low,0.00039212677451350153,0.0003369629411729136
2025-07-09,1.1724566221237185,0.007614884372938116,1.1673885679133844,1.1685656352428597,Medium-Low,0.005068054210334072,0.00389098688085876
2025-07-10,1.17311692237854,0.007530398866758515,1.1697066644419654,1.170510856289749,Medium-Low,0.003410257936574679,0.0026060660887909926
2025-07-11,1.1702749729156494,0.00744978263521086,1.1734563460067882,1.1726876766754208,Medium-Low,-0.0031813730911387506,-0.0024127037597714285
2025-07-14,1.1682106256484983,0.007413044803573028,1.1719650136592017,1.171068584114875,Medium-Low,-0.00375438801070338,-0.002857958466376598
2025-07-15,1.1666297912597656,0.007362370943978998,1.166156820539799,1.1662544909759898,Medium-Low,0.00047297071996665885,0.000375300283775859
2025-07-16,1.160739183425903,0.007308639259703254,1.1623052551087385,1.1618896345970307,Low,-0.0015660716828354015,-0.0011504511711275534
2025-07-17,1.1635754108428955,0.007414494661810415,1.164121709222297,1.1640172712238674,Medium-Low,-0.0005462983794015663,-0.0004418603809719368
2025-07-18,1.161548137664795,0.007381959637280442,1.1684444110350907,1.1668124261917556,Medium-Low,-0.006896273370295747,-0.005264288526960703
2025-07-21,1.163074612617493,0.0073340262620646655,1.1654723722670426,1.164923445391493,Medium-Low,-0.002397759649549691,-0.0018488327740000532
2025-07-22,1.1694538593292236,0.007282521684374754,1.1688506689236737,1.1690448230637682,Low,0.0006031904055499027,0.00040903626545540916
2025-07-23,1.1739156246185305,0.0074191349546770214,1.1715612610330313,1.1721496634534805,Medium-Low,0.0023543635854992306,0.0017659611650500118
2025-07-24,1.1774264574050903,0.0074408568457646415,1.173657118206005,1.174569040079679,Medium-Low,0.0037693391990853975,0.0028574173254112267
2025-07-25,1.1756131649017334,0.007424501773314806,1.1761582991318194,1.17601559171639,Medium-Low,-0.000545134230085953,-0.0004024268146565202
2025-07-28,1.1756821870803833,0.0073678582371228705,1.173989202584461,1.174386289531829,Medium-Low,0.0016929844959223672,0.0012958975485541924
2025-07-29,1.1596757173538208,0.0073016625232379066,1.1573422699673688,1.1577561026983045,Low,0.0023334473864520255,0.0019196146555162663
2025-07-30,1.1550945043563845,0.008384597834216637,1.1539045447142728,1.155075519668132,High,0.0011899596421116598,1.8984688252565718e-05
2025-07-31,1.1429355144500732,0.008310039297532516,1.141194798659953,1.1429068381809613,High,0.0017407157901201398,2.8676269111960195e-05
2025-08-01,1.142374038696289,0.008780597102598472,1.1460640714106483,1.1424304613737235,High,-0.0036900327143591927,-5.642267743444229e-05
2025-08-04,1.158668041229248,0.00858143030479477,1.1597942439420836,1.1586879912870067,High,-0.001126202712835589,-1.995005775867753e-05
2025-08-05,1.1584129333496094,0.009465476686720485,1.1584081410830445,1.1584128176580626,High,4.792266564912495e-06,1.1569154678703342e-07
2025-08-06,1.1579166650772097,0.009205670958281165,1.1611974172562576,1.1579668301108437,High,-0.0032807521790478855,-5.01650336339754e-05
2025-08-07,1.1663167476654053,0.008968831530563067,1.1660681918465963,1.1663143334820831,High,0.00024855581880900424,2.4141833221413833e-06
2025-08-08,1.1676650047302246,0.009030787648277637,1.1656867781770492,1.1676349301556341,High,0.0019782265531753662,3.0074574590477354e-05
2025-08-11,1.1647952795028689,0.008815376685031014,1.168309608461308,1.1648486284551025,High,-0.0035143289584391724,-5.3348952233633895e-05
2025-08-12,1.1618449687957764,0.008645108079509292,1.1631821311846193,1.1618649593629566,High,-0.0013371623888429607,-1.9990567180272478e-05
2025-08-13,1.1677058935165403,0.008492805978084062,1.1651115702303767,1.1676671310868874,High,0.0025943232861636023,3.876242965294985e-05
2025-08-14,1.171289324760437,0.0084616205925698,1.1706865640409583,1.1712806870993344,High,0.0006027607194787343,8.637661102595118e-06
2025-08-15,1.1651345491409302,0.008343563154748926,1.163503883072039,1.1651085538057064,High,0.0016306660688911734,2.5995335223738536e-05
2025-08-18,1.1706587076187134,0.008342324060708737,1.1673068052575264,1.1706082864351397,High,0.003351902361186987,5.0421183573678974e-05
2025-08-19,1.1668338775634766,0.008310501133658313,1.1690784402105256,1.1668676206958775,High,-0.0022445626470490865,-3.3743132400898546e-05
2025-08-20,1.164252758026123,0.00821491207558399,1.1686055968237785,1.1643189972663113,High,-0.004352838797655467,-6.623924018822613e-05
2025-08-21,1.165175199508667,0.008094896202699374,1.1620328825560229,1.1627764928177475,Medium-High,0.0031423169526441086,0.002398706690919461
2025-08-22,1.16130530834198,0.007961088190142244,1.162740983310018,1.1623726537591483,Medium-High,-0.001435674968037981,-0.0010673454171683527
2025-08-25,1.1709601879119873,0.007903080408226886,1.1690298784979822,1.1695620111519085,Medium-High,0.0019303094140050714,0.0013981767600788064
2025-08-26,1.1618449687957764,0.00819148361338158,1.1612253978166174,1.1618339683697156,High,0.0006195709791589898,1.1000426060725488e-05
2025-08-27,1.1639411449432373,0.008397689772598442,1.1625262639772358,1.163919822448172,High,0.0014148809660015083,2.1322495065367875e-05
2025-08-28,1.1647952795028689,0.008250608224685844,1.162840465271779,1.1647654815861643,High,0.0019548142310898964,2.979791670454368e-05
2025-08-29,1.1681560277938845,0.008101584885861159,1.1680956839604417,1.16813767595595,Medium-High,6.0343833442777495e-05,1.8351837934416082e-05
2025-09-01,1.169180393218994,0.008012760536731051,1.1672832668384219,1.1677360852567376,Medium-High,0.001897126380572045,0.0014443079622563637
2025-09-02,1.1715912818908691,0.007887638612969029,1.1720727806897775,1.1719799936008657,Medium-High,-0.000481498798908353,-0.0003887117099965476
2025-09-03,1.163602590560913,0.007795788411513109,1.1638909564582411,1.1637571960831055,Medium-High,-0.00028836589732805784,-0.00015460552219237478
2025-09-04,1.16604483127594,0.007970972379773424,1.1653933333837039,1.1655661659380756,Medium-High,0.0006514978922360637,0.00047866533786433685
2025-09-05,1.165691375732422,0.007871786061647406,1.163698964155435,1.1641626779590921,Medium-High,0.001992411576987152,0.001528697773329979
2025-09-08,1.1713168621063232,0.0077561327781972104,1.1697519820159872,1.170165125726823,Medium-High,0.0015648800903360627,0.0011517363795001678
2025-09-09,1.1769136190414429,0.007793721576734578,1.1783229386153065,1.1780392553054952,Medium-High,-0.0014093195738635877,-0.0011256362640523765
2025-09-10,1.1702749729156494,0.007824262771206274,1.1717207058334813,1.1713270690835254,Medium-High,-0.001445732917831899,-0.0010520961678759377
2025-09-11,1.1703435182571411,0.007907263497723605,1.1681663476455388,1.168676832125166,Medium-High,0.002177170611602275,0.0016666861319751813
2025-09-12,1.1734747886657717,0.007787644840088594,1.1735396966619704,1.173550451109669,Medium-High,-6.490799619873755e-05,-7.566244389733967e-05
2025-09-15,1.1726491451263428,0.007723627866043124,1.1743645428922875,1.1739559345282922,Medium-High,-0.0017153977659447595,-0.001306789401949393
2025-09-16,1.1763737201690674,0.0076249263616983065,1.172456186864988,1.1734045891687976,Medium-Low,0.00391753330407929,0.0029691310002697424
2025-09-17,1.1871408224105835,0.007596019255357879,1.187828052923237,1.1877563499138546,Medium-Low,-0.0006872305126535139,-0.0006155275032710961
2025-09-18,1.1826341152191162,0.008014912094374289,1.1813705317992098,1.1816291181063638,Medium-High,0.0012635834199064,0.0010049971127523705
2025-09-19,1.1791062355041504,0.007971629075139503,1.1805609427413049,1.180190990727597,Medium-High,-0.0014547072371544623,-0.0010847552234465319
2025-09-22,1.173695087432861,0.007899659483592782,1.1722635611437284,1.172553984099803,Medium-High,0.0014315262891326785,0.0011411033330581688
2025-09-23,1.1801080703735352,0.007908862099437067,1.1757405049536742,1.1768165950027023,Medium-High,0.0043675654198609415,0.0032914753708328526
2025-09-24,1.181446552276611,0.007968082923055177,1.1777262048178074,1.178608644664724,Medium-High,0.0037203474588036745,0.0028379076118871804
2025-09-25,1.1744670867919922,0.007850380788505085,1.1749233610219487,1.1747586406989414,Medium-High,-0.00045627422995653255,-0.0002915539069492379
2025-09-26,1.166275978088379,0.007948865827511656,1.1672610589415402,1.166962442656415,Medium-High,-0.000985080853161291,-0.0006864645680360049
2025-09-29,1.170823097229004,0.008117112731163065,1.1685840311673998,1.169146137232599,Medium-High,0.002239066061604067,0.0016769599964048254
2025-09-30,1.1731443405151367,0.008067116561698003,1.1744516844957598,1.1741647326591171,Medium-High,-0.0013073439806230436,-0.0010203921439804198
2025-10-01,1.1735849380493164,0.007955653142235005,1.169858031825851,1.170734564815643,Medium-High,0.003726906223465498,0.00285037323367332
2025-10-02,1.1734058856964111,0.007832218461488528,1.1732675153072052,1.1732984388591206,Medium-High,0.00013837038920594402,0.00010744683729058124
2025-10-03,1.1725116968154907,0.007719977761507103,1.169858538006953,1.170472523372703,Medium-High,0.00265315880853767,0.0020391734427878117
2025-10-06,1.171248197555542,0.007622170312374517,1.1698607949724462,1.1701752655177795,Medium-Low,0.001387402583095776,0.0010729320377624862
2025-10-07,1.171028733253479,0.0075377179979771,1.1711451663600383,1.171116077257314,Medium-Low,-0.00011643310655928829,-8.734400383492158e-05
2025-10-08,1.1654603481292725,0.007454571583742974,1.163833489831029,1.164168358187351,Medium-Low,0.0016268582982434943,0.0012919899419214786
2025-10-09,1.1631964445114136,0.007524373028809592,1.1624597437729525,1.1626135202711807,Medium-Low,0.0007367007384611046,0.0005829242402328738
2025-10-10,1.156644344329834,0.007466429488004154,1.1591834028232963,1.1585344151351646,Medium-Low,-0.002539058493462365,-0.001890070805330657
2025-10-13,1.160240888595581,0.007592538997930831,1.1587893276651875,1.1591591119737192,Medium-Low,0.0014515609303935584,0.0010817766218618186
2025-10-14,1.1566845178604126,0.007564469713487522,1.1586989374398464,1.158197658728306,Medium-Low,-0.0020144195794338238,-0.0015131408678934477
2025-10-15,1.1602274179458618,0.007538048916062035,1.1575599108942607,1.1582140379017911,Medium-Low,0.0026675070516011257,0.0020133800440707006
2025-10-16,1.1646324396133425,0.007514006512511751,1.1655845400812297,1.1653980634407313,Medium-Low,-0.0009521004678871847,-0.0007656238273887617
2025-10-17,1.1699601411819458,0.0075242202405067645,1.1728982539747175,1.1722542808730976,Medium-Low,-0.0029381127927716744,-0.0022941396911517753
2025-10-20,1.165745735168457,0.007573991558027873,1.160481968302867,1.161679862703117,Medium-Low,0.005263766865589936,0.004065872465339959
2025-10-21,1.164442539215088,0.007569168111071154,1.162744615416696,1.1631314842346008,Medium-Low,0.0016979237983918427,0.001311054980487114
2025-10-22,1.160038948059082,0.007490594652269049,1.1615310372892829,1.1611450708323636,Medium-Low,-0.0014920892302008326,-0.0011061227732815926
2025-10-23,1.1608469486236572,0.0075033861679172096,1.1603587098234702,1.1604797583892466,Medium-Low,0.00048823880018700194,0.0003671902344106748
2025-10-24,1.1618045568466189,0.007426558620429331,1.1625759544726522,1.1624032230968242,Medium-Low,-0.0007713976260332878,-0.0005986662502053264
2025-10-27,1.1631693840026855,0.0073587670016387495,1.1617663221974819,1.162106247740126,Medium-Low,0.0014030618052036647,0.0010631362625594942
2025-10-28,1.165175199508667,0.007302447622645649,1.1652666040518667,1.1652618233005485,Low,-9.140454319966906e-05,-8.66237918815127e-05
2025-10-29,1.1657865047454834,0.00726236353622212,1.1654111152854219,1.1655041028471098,Low,0.00037538946006154816,0.0002824018983735854
2025-10-30,1.1603351831436155,0.007208775756189083,1.163182284587246,1.162470274872696,Low,-0.0028471014436304287,-0.0021350917290805516
2025-10-31,1.157246708869934,0.007303228448362696,1.1579605451824166,1.157767755377751,Low,-0.0007138363124825631,-0.0005210465078169246
2025-11-03,1.152804255485535,0.007290054967683146,1.1537658387472114,1.1535038002249745,Low,-0.0009615832616765019,-0.0006995447394395615
2025-11-04,1.1519144773483276,0.007328323229232203,1.1510575168788788,1.1512508502490069,Medium-Low,0.0008569604694488309,0.0006636270993207738
2025-11-05,1.1485539674758911,0.0072700401950324,1.1476579130493862,1.1478399215700725,Low,0.0008960544265048664,0.0007140459058185833
2025-11-06,1.1496764421463013,0.0072698343352026115,1.1486754446918326,1.148919193556726,Low,0.0010009974544686884,0.0007572485895752656
2025-11-07,1.1549211740493774,0.0072199434505054545,1.1555245036038493,1.155426673538446,Low,-0.0006033295544718431,-0.0005054994890685283
2025-11-10,1.1543878316879272,0.007304904067843275,1.153491138018222,1.1536967319870777,Low,0.0008966936697052397,0.0006910997008495734
2025-11-11,1.1557220220565796,0.00724652425867817,1.1562916209868985,1.1561692746575902,Low,-0.0005695989303189375,-0.00044725260101063924
2025-11-12,1.1587486267089844,0.00720156462718211,1.1631665453444362,1.1621569112552255,Low,-0.004417918635451823,-0.0034082845462410916
2025-11-13,1.159218668937683,0.007197740827808971,1.1611138324627106,1.1606738616187449,Low,-0.001895163525027499,-0.0014551926810617566
2025-11-14,1.1631964445114136,0.007150124251322637,1.1622770198471821,1.1625253324476397,Low,0.0009194246642314496,0.0006711120637739043
2025-11-17,1.161534547805786,0.00718438420693312,1.1642686204338748,1.1636144955956573,Low,-0.0027340726280888905,-0.002079947789871417
2025-11-18,1.159057378768921,0.00715065617661305,1.1582825699535946,1.1584435039064838,Low,0.0007748088153263222,0.000613874862437136
2025-11-19,1.1581177711486816,0.007137253412629024,1.1536800138660868,1.1547115944822635,Low,0.0044377572825948786,0.0034061766664181814
2025-11-20,1.154068112373352,0.007099255339081332,1.1520601348068138,1.152496854749655,Low,0.002007977566538255,0.001571257623697031
2025-11-21,1.1534557342529297,0.007142909778510743,1.1493863893880383,1.1503343964982908,Low,0.004069344864891411,0.003121337754638853
2025-11-24,1.1507612466812134,0.00710180225232373,1.1501274056790698,1.1502535220299646,Low,0.000633841002143587,0.0005077246512488198
2025-11-25,1.1520073413848877,0.0070998101560399264,1.1519853510549851,1.1520008308909797,Low,2.1990329902576988e-05,6.510493907985193e-06
2025-11-26,1.156483769416809,0.0070692130115938435,1.1599436158451861,1.159170390624594,Low,-0.0034598464283770447,-0.002686621207784956
2025-11-27,1.1602139472961426,0.007134810688572388,1.1607481192298845,1.1606539317515079,Low,-0.0005341719337419448,-0.0004399844553653054
2025-11-28,1.1599851846694946,0.00716177849788981,1.159513731402821,1.1596222543987684,Low,0.0004714532666736382,0.00036293027072620276
2025-12-01,1.1601465940475464,0.007117074361627019,1.1619667644928224,1.1615417994136417,Low,-0.001820170445276048,-0.0013952053660952757
2025-12-02,1.1607661247253418,0.007076919131353123,1.155858587360079,1.1570131198525617,Low,0.004907537365262726,0.0037530048727800747
2025-12-03,1.1627906560897827,0.007042780314124249,1.1632099732941146,1.163128547090463,Low,-0.00041931720433185937,-0.00033789100068037925
2025-12-04,1.1666841506958008,0.007030871820585696,1.1681982527531585,1.167875909134485,Low,-0.0015141020573576913,-0.0011917584386842428
2025-12-05,1.1642799377441406,0.007075102712808001,1.1611293206175706,1.1618472986530097,Low,0.0031506171265700544,0.002432639091130895
2025-12-08,1.164022445678711,0.007067889200844816,1.1665648955013768,1.1659672925165785,Low,-0.0025424498226658265,-0.0019448468378675532
2025-12-09,1.1641442775726318,0.007033110907906837,1.1648868974238864,1.16471397795995,Low,-0.0007426198512545668,-0.0005697003873181838
2025-12-10,1.1628313064575195,0.007001755367969579,1.1619794264170684,1.1621680618501935,Low,0.000851880040451114,0.0006632446073260301
2025-12-11,1.1701242923736572,0.006982324379153327,1.1711664666011288,1.1709828334416312,Low,-0.0010421742274715484,-0.0008585410679740058
2025-12-12,1.1739431619644165,0.007218278650261982,1.1788169807562259,1.1777071375108046,Low,-0.00487381879180937,-0.0037639755463880764
2025-12-15,1.1737639904022217,0.007237454288093099,1.1741785382967194,1.1740799615782165,Low,-0.0004145478944976855,-0.0003159711759948003
2025-12-16,1.1754610538482666,0.007184780855170307,1.1759305705766874,1.1758346725793865,Low,-0.0004695167284207713,-0.00037361873111985133
2025-12-17,1.1749500036239624,0.0071512978691046555,1.1739500765630764,1.1741800336688981,Low,0.00099992706088603,0.0007699699550642869
2025-12-18,1.1742326021194458,0.007108692517627141,1.1723724337605006,1.1728021578899923,Low,0.0018601683589452023,0.001430444229453487
2025-12-19,1.1725666522979736,0.007071793388482611,1.174499835557555,1.1740332538416594,Low,-0.0019331832595814724,-0.0014666015436857194
2025-12-22,1.1708093881607056,0.007049867173846676,1.1689928605047584,1.169403743608303,Low,0.0018165276559471977,0.0014056445524026628
2025-12-23,1.1765950918197632,0.00703187337082975,1.1764657951553699,1.1765440382334145,Low,0.0001292966643933191,5.105358634871493e-05
2025-12-24,1.179551362991333,0.007163553851423884,1.1783330485972425,1.1786428965847806,Low,0.0012183143940904806,0.0009084664065523995
2025-12-26,1.1785364151000977,0.007160301539824166,1.179659703311466,1.179388204004442,Low,-0.0011232882113683118,-0.0008517889043444526
2025-12-29,1.177273869514465,0.007120437041943082,1.1780833389815695,1.1778832868732354,Low,-0.0008094694671043623,-0.0006094173587702922
2025-12-30,1.1772878170013428,0.0070875029729683065,1.1796079375854502,1.1790646565396559,Low,-0.0023201205841074657,-0.0017768395383130908
